id,user_id,shop_id,place_id,rating,review_text,created_at,updated_at,rating_makanan,rating_layanan,rating_suasana
15,5,4,ChIJhx6zl0BZHS4RGNla_oPoIJ0,1.0,Agak gimana gitu pesen nasi goreng dengan harga yg gak murah tp ayamnya dikasi bagian brutu(pantat) gak boleh tukar ayamnya..sekelas cafe besar di ponti dengan harga yg lumayan tp pelanggan di kasi bagian pantat..mohon jd perhatian karna g semua org suka dgn bagian itu,2026-04-03T15:44:52.684747,2026-04-03T15:44:52.685361,,2,2
17,6,4,ChIJhx6zl0BZHS4RGNla_oPoIJ0,5.0,Tempatnya bagus banget buat nongki sama temen ataupun sambil buat tugas kuliah lama2.. makanannya enak dan coffenya juga enak.. ada makanan yang kids friendly juga kok.. tadi makanannya lupa ke foto,2026-04-03T15:52:25.035563,2026-04-03T15:52:25.035578,,5,5
18,8,4,ChIJhx6zl0BZHS4RGNla_oPoIJ0,5.0,"Suasana cafenya bagus namun sedikit minimalis tidak terlalu luas. Untuk makanan dan minuman enak sesuai dengan harganya walaupun ada sedikit kekurangan tapi tidak terlalu bermasalah. Pelayanan cukup gesit dan ramah. Tersedia photobooth berbayar, dan ada beberapa kucing yang ramah minta jatah tulang😂 dan juga yang penting berkumpul bersama orang sayang",2026-04-03T16:05:05.428289,2026-04-03T16:05:05.428306,,4,4
22,9,2,ChIJ9RWUkaZZHS4RYeuZOYAMQ-4,5.0,"Saya berada di cafee aming podomoro, tepatnya dikota pontianak. tenpatnya rekomended deh, bersih, sejuk, nyaman, cocok untuk santai kerjaan atau temu janji. Servis juga baik. Karyawan ramah",2026-04-19T16:59:48.370276,2026-04-19T16:59:48.370841,,5,5
23,9,5,ChIJPa6swGtZHS4RrbIlRvgBgok,5.0,"Minuman dan makanan nya enak semuanya, pelayanan nya sangat baik, suasana tempat nya nyaman untuk tempat bersantai santai bersama keluarga dan teman teman, tempat nya ok la Cafe 5 CM Coffee",2026-04-19T17:02:13.636256,2026-04-19T17:02:13.636274,,5,5
24,9,5,ChIJPa6swGtZHS4RrbIlRvgBgok,5.0,"Tempat nya nyaman ada indoor atau outdoor, menu makanan bervariasi, kopi nya enak dan nyaman di lambung yg mudah naik asam lambung ku. Berani coba santai disini, pas waktu jam istirahat, suasana enak dan tempatnya jg gak bgitu sempit ya.",2026-04-19T17:05:49.029701,2026-04-19T17:05:49.029710,,5,5
25,9,5,ChIJPa6swGtZHS4RrbIlRvgBgok,3.0,"Maaf sebelumnya, jadi waktu itu aku take away coffe 5 cm 15 cup, sempet shock karna rasanya masam sedikit basi gitu, aku dan teman teman juga males mau balik buat komplain karna lokasi tempat kerja cukup jauh kesana,kedepannya tolong dirasa in dulu yaa sebelum kasi ke konsumen terimakasih.",2026-04-19T17:10:31.598466,2026-04-19T17:10:31.598477,,4,3
26,9,7,ChIJIRuUuwNZHS4RrhnXINPqQQ4,5.0,"Beli cheesecake nya untuk di bungkus, enakkkk
Suka banget ngga terlalu manis kejunya berasa banget",2026-04-21T03:34:51.797195,2026-04-21T03:34:51.797813,,4,4
27,9,7,ChIJIRuUuwNZHS4RrhnXINPqQQ4,5.0,"Tempatnya cozy, tenang, free wifi, dan ada colokan di beberapa meja. Enak untuk nyantai dan ngumpul sm teman atau pun untuk ngerjain tugas. Pas siang2, tempatnya sepi jd enak kalau mau nugas. Disini ada makanan berat, cemilan kyak Japanese Cheese Cake (JCC) dll, dan aneka minuman.
Ada area outdoor dan indoor.",2026-04-21T03:35:13.041802,2026-04-21T03:35:13.041812,,,
31,9,15,ChIJpVctpWBZHS4RdUbSlT-pSl8,5.0,pilihan untuk nugas atau ngegame yang 24 jam,2026-04-21T04:12:37.699702,2026-04-21T04:12:37.700215,,,
34,9,6,ChIJDcJgropZHS4RKuh8s52jy9U,4.0,Americano terdebest yang pernah saya minum,2026-04-23T12:53:23.664164,2026-04-23T12:53:23.690740,,4,5
38,9,15,ChIJpVctpWBZHS4RdUbSlT-pSl8,4.0,enak menu kopi yang ada eskrimnya,2026-04-25T15:26:18.196522,2026-04-25T15:26:18.197806,,4,3
40,9,12,ChIJ4U6K9hdZHS4RKE7QPIKbn4Y,5.0,"Hidden gem di daerah Dansen
Tempatnya lumayan luas walau masuk gang
Terdiri dari 2 lantai",2026-04-30T14:04:00.924500,2026-04-30T14:04:00.925506,,5,4
41,9,12,ChIJ4U6K9hdZHS4RKE7QPIKbn4Y,5.0,"Enak buat kerja, sepi, nyaman seharian, ada ruangan khusus full AC di lantai 2 yang bisa dipakai dengan minimal tagihan tertentu.  Mantap, btw jangan lupa order tahu cabe garam :)",2026-04-30T14:04:22.180261,2026-04-30T14:04:22.180272,,5,5
42,9,12,ChIJ4U6K9hdZHS4RKE7QPIKbn4Y,5.0,"Cafe y cozy bgt wlpn jalan y agak tersembunyi ya.. tp ngak susah koq cari ya... ada 2 lantai... indoor (AC) n outdoor... buat nongkrong oke, buat ngedate bareng laptop juga oke...",2026-04-30T14:04:41.970718,2026-04-30T14:04:41.970729,,5,5
43,9,6,ChIJDcJgropZHS4RKuh8s52jy9U,5.0,"Good place, good coffee. Tempatnya tidak terlalu besar dan tidak terlalu kecil. Cocok untuk wfc karena tidak begitu ribut",2026-04-30T14:05:52.862980,2026-04-30T14:05:52.863533,,5,5
44,9,6,ChIJDcJgropZHS4RKuh8s52jy9U,5.0,"Good place, good coffee. Barista nya enak diajak ngobrol. Beansnya oke. Tempatnya oke dan tenang. Datang pas pagi dan sepi. Enak buat sendirian atau ngobrol yang gak rame.",2026-04-30T14:06:01.353076,2026-04-30T14:06:01.353086,,5,5
45,9,6,ChIJDcJgropZHS4RKuh8s52jy9U,5.0,"Tempatnya asik cocok untuk nugas tentram,menenangkan. untuk cemilan dan minuman Kopi susu caramel, matcha nya enak mantap",2026-04-30T14:06:14.020957,2026-04-30T14:06:14.020968,,5,5
46,9,10,ChIJBVWfsoFZHS4Rakb44yanMjs,5.0,"Kopi 10ribuan yang enak banget
Kemaren beli bundling 25 dapet 3 cup.
Rasanya masih enak walau es nya sudah mencair semua. Rekomen yang gula aren buat yang 10rb",2026-04-30T14:07:18.185870,2026-04-30T14:07:18.186471,,4,4
47,9,10,ChIJBVWfsoFZHS4Rakb44yanMjs,5.0,"Favorit Kopi Susu Aren 10 ribuann terenak. Kopi nya strong, agak kental, es batu nya pas jadi meskipun meleleh tetap terasa.",2026-04-30T14:07:29.462216,2026-04-30T14:07:29.462229,,4,4
48,9,10,ChIJBVWfsoFZHS4Rakb44yanMjs,5.0,"Dekat dari tempat kerja. Tepi jalan. Susunya enak gak kaleng2, gak pakai skm doang. Murah banget 10k-15k. Aku udah rasa 3 varian, soon lagi!",2026-04-30T14:07:39.509733,2026-04-30T14:07:39.509743,,5,5
50,9,13,ChIJ71m2hZZZHS4RrOgKJYP_7zw,5.0,Kopinya enak dan punya khasnya. baristanya ramah. Harga mid range dan oke utk rasanya. Cuma untuk wfc krg cocok ya karena dikit area indoornya dan kafenya agak gelap gitu. Lebih cocok untuk nongkrong.,2026-04-30T14:08:52.730025,2026-04-30T14:08:52.730035,,4,3
51,9,13,ChIJ71m2hZZZHS4RrOgKJYP_7zw,5.0,"Fav. H.panna less sugar. Btw disini pesen es kopi segelas. Bisa habis sampe tetes terakhir walaupun nongkrong berjam2 secara disini vibesnya enak. Kenapa?tetap enak karna esnya ga banyak. Kopi shop lain sama pesen segelas, tp esnya kebanyakan. Nongkrong bentar dah hambar yang menurut aku cukup tricky biar hemat dan untung. Kopi enak sampe tetes terakhir cuma ada di nutricula",2026-04-30T14:09:28.277029,2026-04-30T14:09:28.277042,,5,5
52,9,14,ChIJKX36yixZHS4ROQfX-hNWhj0,5.0,"Tenang suasana nya untuk makanan minuman enak bgt, sampein salam dong sama barista yg itu min haha, rumah saya ga jauh kok dari aming hehe",2026-04-30T14:11:23.530874,2026-04-30T14:11:23.531492,,5,5
53,9,14,ChIJKX36yixZHS4ROQfX-hNWhj0,5.0,"Baru pertama kali nyoba ke aming ini, enak ya pisang srikaya sama kopi susu gula aren nya top banget, btw barista nya itu cakep juga ya, abg yg ada tato nya ga sengaja ktmu di wastafel hehe, bagi dong IG abg nya…",2026-04-30T14:11:58.486747,2026-04-30T14:11:58.486760,,5,5
54,9,14,ChIJKX36yixZHS4ROQfX-hNWhj0,5.0,"Suasananya lumayan cozy tapi agak sedikit panas ya.. , makanannya enak tapi porsinya kecil jadi kalo pesan seporsi sering kurang hehe",2026-04-30T14:12:08.600752,2026-04-30T14:12:08.600766,,4,4
55,9,11,ChIJG-xwV2ZZHS4R0WyGi5bbvoM,5.0,"Tempat nyaman, ada outdoor dan indoor, ada lantai 2 juga di atas. Yang indoor ada AC dan ada cermin cocok buat yg suka mirror selfie jadi sangat estetik, minuman enak harga standar coffe shop pontianak. Suasana tenang banget, kalo bagian indoor krn kursi cuma 2 jadi enak sepi, cocok buat nugass. Cuma gaada makanan pas kesini, moga besok besok nyediaain snack biar bisa nyemil sambil cerite bual bareng bestieeee.",2026-04-30T14:12:52.559240,2026-04-30T14:12:52.559508,,5,5
56,9,11,ChIJG-xwV2ZZHS4R0WyGi5bbvoM,5.0,"hampir semua menu dicoba dan enak cuma utk black pepper nya terlalu strong utk saya.
utk parkiran agak susah ya apalg khusus mobil. bener2 mini dine in😅 …",2026-04-30T14:13:13.368003,2026-04-30T14:13:13.368014,,4,4
57,9,11,ChIJG-xwV2ZZHS4R0WyGi5bbvoM,5.0,"Suasananya oke banget, nyaman, tempatnya bagus, pelayanan sangat baik juga ramah. Kopinya juga enak, next bakal ke sini² lagi untuk coba menu menu lainnya👍🏻✨",2026-04-30T14:13:26.391741,2026-04-30T14:13:26.391751,,5,5
58,9,8,ChIJC3_RpddZHS4RMiDp7-6TemY,5.0,"Tempatnya vibesnya seperti dirumah,cozy dan pelayanannya ramah. Untuk makanannya harganya termasuk murah. Risol mayo 18rb lumayan worth it, isi 3pcs dan isiannya lumayan banyak,cuma sayangnya buka tipe mayo yang ak suka karena cenderung mayonya asin gitu. Untuk latte rasanya oke dan yang golden hours rasanya wangi seger gitu.",2026-04-30T14:14:48.375325,2026-04-30T14:14:48.375352,,5,5
59,9,8,ChIJC3_RpddZHS4RMiDp7-6TemY,5.0,"Sesuai dengan namanya ""Rumah Kita"" vibes nya beneran terasa kyk gitu. Walaupun tempatnya gak besar tp terasa nyaman. Makanannya enak & harganya terjangkau. Bakal balik lagi ke sini ☺️",2026-04-30T14:15:03.279293,2026-04-30T14:15:03.279304,,5,4
60,9,8,ChIJC3_RpddZHS4RMiDp7-6TemY,5.0,"Coffe shop yang cocok untuk anda berdiskusi, berkongkow serta bercanda gurau dengan teman atau pasangan anda, tempatnya juga memiliki tempat parkir yang lumayan luas, serta tidak jauh dari kafe nya ada masjid yang besar juga, jadi untuk anda yang muslim/mah aman ketika ingin beribadah",2026-04-30T14:15:12.248667,2026-04-30T14:15:12.248678,,5,5
61,9,9,ChIJE8-LfABZHS4R_MsSOwiHNL8,5.0,"Desain nya bagus. Wifi lancar. Harga makanan nya dan roti terjangkau dibandingkan coffee shop lain. Pilihan tempat duduk nya banyak. Wc nya sangat bersih, salut. Ada musholla. Setiap sudut cafe nya aku suka, sangat pay attention to detail. Totalitas biru nya, bahkan terminal nya biruu.",2026-04-30T14:17:21.140998,2026-04-30T14:17:21.141616,,5,5
62,9,9,ChIJE8-LfABZHS4R_MsSOwiHNL8,5.0,Ini salah satu tempat ngopi yang vibesnya seperti dirumah. Rasa tenang dan nyaman ada didalamnya.,2026-04-30T14:17:36.110888,2026-04-30T14:17:36.110903,,5,5
63,9,9,ChIJE8-LfABZHS4R_MsSOwiHNL8,5.0,"Enak bangett! Suasana homey nya dapet, matcha nya enak ga kemanisan. Seremoni,
Best 🙌",2026-04-30T14:17:55.480906,2026-04-30T14:17:55.480921,,5,5
66,9,1,ChIJyRLXBlJYHS4RWNj0yvAvSAQ,5.0,Akhirnya nyobain kopi Aming langsung di Pontianak nya. Kopi nya enak style Chinese kopitiam gitu lah bukan modern kopi aren ya. Tapi sayang nya penyajian pake gelas plastik ya mungkin buat kepraktisan dan efisiensi tapi jadi menghilangkan feel kopitiam nya. Tempatnya tempat nongkrong anak2 muda pada mabar. Walau tanpa AC cukup nyaman. Hanya di JKT aja kudu pake AC. Di Pontianak ternyata ga terlalu panas mungkin kepadatan nya tidak sepadat JKT. Harganya juga terjangkau es kopi susu plus pisang goreng srikaya 22rb saja.,2026-04-30T14:23:47.211440,2026-04-30T14:23:47.211451,,5,5
67,9,1,ChIJyRLXBlJYHS4RWNj0yvAvSAQ,4.0,"Sangat ramai saat saya datang ke sini di malam hari. Mungkin tidak nyaman bagi mereka yang sensitif terhadap asap/rokok.. kecepatan Wi-Fi bagus, kopinya enak dan tamu bisa membeli kopi bubuk untuk dibawa pulang.",2026-04-30T14:47:19.756704,2026-04-30T14:47:19.757401,,4,4
68,9,15,ChIJpVctpWBZHS4RdUbSlT-pSl8,5.0,"Pelayannya ramah dan sigap banget buat bersihin meja. Gak semua outlet CW kaya gini. 👍
Tempatnya nyaman, dingin, bersih, tentu saja hidangannya enak semua. 🔥",2026-04-30T14:48:54.435881,2026-04-30T14:48:54.436382,,5,5
69,9,15,ChIJpVctpWBZHS4RdUbSlT-pSl8,5.0,"Untuk makanan dan minuman oke lah setandar saya suka 👍 nyaman sih, pelayanannya juga bagus ramah Abangnya manis-manis kalo senyum jadi salting 🤭 jadi betah nih nongkrong di cw coffee tanray",2026-04-30T14:49:15.038408,2026-04-30T14:49:15.038419,,5,5
70,9,15,ChIJpVctpWBZHS4RdUbSlT-pSl8,5.0,pelayanan sangat bagus dan tempat buat kerja juga enak ruangan ac nya sangat dingin,2026-04-30T14:49:24.415155,2026-04-30T14:49:24.415166,,5,5
71,9,1,ChIJyRLXBlJYHS4RWNj0yvAvSAQ,5.0,"nuansa warkopnya sangat sederhana dan santai , anda tidak akan menjumpai suasana ini di coffeeshop/warkop modern , tempatnya yang santai membuat hangout bersama teman ,partner ,keluarga ,atau bahkan pacar anda terasa lebih asik , harganya sangat relatif dan terjangkau, pas dikalangan mahasiswa ,dan pelajar , tidak lupa rasa kopinya sangat luar biasa , dan mempunyai ciri khas dan signature tersendiri ,ngomong-ngomong soal kelebihan mari beranjak ke sedikit kekurangan dari wk aming ini ,wifinya kurang cepat , yah wajar saja karena ramainya pengunjung di warung kopi ini mungkin ,buat para pejuang wifi mungkin agak dikecewakan dengan ini , tetapi buat para pecinta kopi warkop aming ini menjadi salah satu recommended untuk dikunjungi",2026-05-01T13:19:23.065957,2026-05-01T13:19:23.067196,,,
72,9,1,ChIJyRLXBlJYHS4RWNj0yvAvSAQ,5.0,"tempat santai yang nyaman baik sendirian ataupun bersama pasangan, kawan, atau keluarga",2026-05-01T13:21:12.468597,2026-05-01T13:21:12.468631,,,
73,9,1,ChIJyRLXBlJYHS4RWNj0yvAvSAQ,5.0,Krn cocok buat kumpul2 dan buat santai serta bs bermain game secara barengan...,2026-05-01T13:21:54.930102,2026-05-01T13:21:54.930117,,,
74,9,3,ChIJ6fOdOEBZHS4RcV3VfZzhYx0,4.0,"Point +nya : Affordable price/harga terjangkau, good service/pelayanan baik, good place/tempat lumayan bagus (available/kesediaan; tempat indoor dan outdoor + lesehan, tissue ada, stop kontak ada, wifi lancar), payment bisa cashless. Point - : Toilet bau krn tdk ada pewangi toilet, akses wastafel paling ujung dpn toilet berdiri/pria",2026-05-01T13:29:11.407574,2026-05-01T13:29:11.408061,,,
75,9,3,ChIJ6fOdOEBZHS4RcV3VfZzhYx0,4.0,"Selalu ramai anak remaja nongkrong main game, anak kuliahan mengerjakan tugas, maupun nongkrong disini. Jika untuk berkumpul dengan keluarga kurang disarankan",2026-05-01T13:31:21.930877,2026-05-01T13:31:21.930894,,,
76,9,3,ChIJ6fOdOEBZHS4RcV3VfZzhYx0,5.0,"Aming disini tidak pernah sepi. Letaknya tidak di tepi jalan utama. Bangunan terdiri dari 2 lantai. Ada ruang berAC di tiap lantai. Ada lesehan juga di lantai 1.
Menunya beragam, dari minuman, camilan dan makanan berat. Bisa pilih sesuai selera 😊. Wifi lancar. Parkir luas.",2026-05-01T13:36:22.999487,2026-05-01T13:36:22.999788,,,
77,9,3,ChIJ6fOdOEBZHS4RcV3VfZzhYx0,4.0,Selain rasa kopi yg nikmat. Tempat yg luas tidak membuat sesak jika merokok sekalipun. Dan untuk pecinta game jarongan di sini cukup mendukung jika hanya sekadar game standar. Ruang parkir kendaraan juga luas.,2026-05-01T13:37:28.876241,2026-05-01T13:37:28.876252,,,
78,9,3,ChIJ6fOdOEBZHS4RcV3VfZzhYx0,5.0,Tempat yg enak untuk nongkrong atau bermain game bersama teman-teman,2026-05-01T13:37:50.504723,2026-05-01T13:37:50.504733,,,
79,9,2,ChIJ9RWUkaZZHS4RYeuZOYAMQ-4,5.0,"Kesini Januari 2026
1. pesen kopi luwak, mantau dan choipan
2. rasa makanan dan kopi enak
3. tempat sangat luas dan banyak kursi",2026-05-01T13:41:53.157317,2026-05-01T13:41:53.158143,,,
80,9,2,ChIJ9RWUkaZZHS4RYeuZOYAMQ-4,5.0,"📍 Aming Coffee Podomoro – Jl. Podomoro, Pontianak. Salah satu tempat ngopi andalan di Pontianak, terutama buat yang cari suasana santai tapi tetap nyaman untuk kerja ringan atau sekadar ngobrol. Lokasinya strategis di kawasan Podomoro, gampang diakses dan cukup dekat dengan berbagai titik keramaian kota.

📍Tempatnya cukup luas dan tersedia area indoor maupun outdoor. Bagian indoor dilengkapi AC dan colokan, cocok buat yang mau bawa laptop. Area outdoor juga enak buat ngobrol lama bareng teman. Interiornya sederhana tapi tetap nyaman.

📍Tempatnya bersih dan pelayanannya cukup cepat. Staf ramah dan responsif waktu saya tanya-tanya menu. Proses pemesanan juga efisien karena langsung di kasir.",2026-05-01T13:42:10.057181,2026-05-01T13:42:10.057191,,,
81,9,2,ChIJ9RWUkaZZHS4RYeuZOYAMQ-4,5.0,"pelayanannya baik, fasilitas lengkap, ada live musik, parkiran sangat luas, cocok di semua kalangan,, ada Playground juga untuk yang bawa anak,,,",2026-05-01T13:43:02.789325,2026-05-01T13:43:02.789335,,,
82,9,2,ChIJ9RWUkaZZHS4RYeuZOYAMQ-4,5.0,"Makanan sih enak , nasi goreng nye oke , ape lagi pisang srikaya nye the best 👍
Tempat nya pun nyaman , apa lagi ada playground nye , jd lebih santai bawa anak2 dan layanan nya OKE 👍",2026-05-01T13:43:39.130502,2026-05-01T13:43:39.130513,,,
83,9,2,ChIJ9RWUkaZZHS4RYeuZOYAMQ-4,5.0,Oke tempatnya ada playground (mandi bola) untuk anak juga,2026-05-01T13:43:48.641183,2026-05-01T13:54:15.967327,,,
84,9,7,ChIJIRuUuwNZHS4RrhnXINPqQQ4,5.0,"Bagus, suasananya gk terlalu rame. Cocok buat belajar. Cafe kecil kayak rumah. Suka yg cafe kayak gini",2026-05-01T14:08:40.540337,2026-05-01T14:10:04.559126,,5,5
85,9,7,ChIJIRuUuwNZHS4RrhnXINPqQQ4,4.0,"Awal datang memang tenang dan ngerasa cocok buat belajar kesitu, tapi setelah datang 3 cewek yang berisik jadi fokus pun hilang. Mungkin bisa ditegur kedepannya, karena semalam benar-benar berisik, sampai teriak2, ga kuat😭 mohon untuk lebih tegas lagi, karena yang berisik cuma mereka bertiga dan yang lain tenang2 saja. Terima kasih",2026-05-01T14:09:07.366292,2026-05-01T14:09:07.366303,,,
86,9,7,ChIJIRuUuwNZHS4RrhnXINPqQQ4,5.0,Ruangan yang nyaman. Asik untuk sambil belajar atau kerja.,2026-05-01T14:10:56.530902,2026-05-01T14:10:56.530930,,,
87,9,4,ChIJhx6zl0BZHS4RGNla_oPoIJ0,5.0,"Rate 9.5/10

Salah satu tempat nyantai pontianak yang cocok untuk WFH dan menyendiri dan ada photoboxnya juga. Tersedia ruangan ber ac dan outdoor yang estetik.
best seller menurut aku disini adalah cromboloni nya enak banget harum dan capucchino nya cocok di aku.
Pelayananan nya ramah dan ganteng.
fix balik lagi sih..",2026-05-01T14:29:28.501063,2026-05-01T14:29:28.506112,,,
88,9,4,ChIJhx6zl0BZHS4RGNla_oPoIJ0,5.0,salah satu coffeshop aesthetic di Pontianak tempatnya bersih nyaman banget buat sekedar nongki sama temen atau ngerjain tugas kuliah. ada indoor dan outdoor yang instagramable buat foto-foto. salah satu pelayannya best bgt orangnya ramah bgt masuk langsung disambut terus pas order dijelasin menu menunya dan pas anter orderan senyum dan ngucapin ke customer. minumannya enak harganya juga standard kaya coffeeshop lainnya,2026-05-01T14:33:18.952225,2026-05-01T14:33:18.952832,,,
89,9,4,ChIJhx6zl0BZHS4RGNla_oPoIJ0,4.0,"Pengalaman pertama yang cukup menyenangkan.
Lokasi dipinggir jalan besar. Tersedia parkir motor dan mobil yg memadai. Dekorasi ruangan yang estetik. Ada pilihan outdoor dan indoor. Ada booth buat foto sama teman-teman. Harga menengah ke atas. Makanan dan minuman cukup enak. Rasa kopi b aja. Pelayanan cepat dan ramah. Spot foto oke.",2026-05-01T14:33:55.734716,2026-05-01T14:34:43.258484,,4,4
90,9,13,ChIJ71m2hZZZHS4RrOgKJYP_7zw,5.0,"Kalau mau cari kopi yang enak nutricula salah satu pilihan yang tepat. Menu nya ga aneh2, Pilihan beans manual brew rekomen barista nya ga pernah gagal. Ac indornya dingin pool cocok kalau mau kerja/nugas, outdoor nya lega ga pengap dan ga panas kalau sianf hari. 5 staarrr deh pokoknya",2026-05-01T14:43:49.319912,2026-05-01T14:43:49.326158,,5,5
91,9,13,ChIJ71m2hZZZHS4RrOgKJYP_7zw,5.0,"Pesan gak nunggu lama, tempatnya bersih, dan owner mutar Lo-fi Hip Hop bukan musik Pop jadi gak berisik, cocok buat kerja/belajar.",2026-05-01T14:43:57.362045,2026-05-01T14:43:57.362059,,,
92,9,12,ChIJ4U6K9hdZHS4RKE7QPIKbn4Y,5.0,"Enak buat kerja, sepi, nyaman seharian, ada ruangan khusus full AC di lantai 2 yang bisa dipakai dengan minimal tagihan tertentu.  Mantap, btw jangan lupa order tahu cabe garam :)",2026-05-01T14:47:01.716580,2026-05-01T14:47:01.719491,,5,5
93,9,12,ChIJ4U6K9hdZHS4RKE7QPIKbn4Y,5.0,"setahun lalu
Tempat santai buat kerja disini cocok deh,,
aku suka suasananya. klo sore bisa liat sunset karna ada rooftop menghadap barat.
keren!!",2026-05-01T14:47:15.663477,2026-05-01T14:49:34.692653,,5,5
94,9,12,ChIJ4U6K9hdZHS4RKE7QPIKbn4Y,4.0,"Tempatnya enak buat nongkrong, indoor room nya mendukung buat belajar, nugas dan kerja",2026-05-01T14:47:33.800632,2026-05-01T14:47:33.800643,,4,4
95,9,15,ChIJpVctpWBZHS4RdUbSlT-pSl8,5.0,Nyaman buat zoom interview meeting,2026-05-01T14:49:59.893127,2026-05-01T14:49:59.893140,,,
96,9,2,ChIJ9RWUkaZZHS4RYeuZOYAMQ-4,5.0,"Kafe yang cozy, nyaman buat meeting, minumannya enak, harganya terjangkau baik makanan dan minuman, saya pesan es kopi susu, pisang goreng sari kaya dan roti bakar sarikaya.",2026-05-01T14:54:27.583841,2026-05-01T14:54:27.584363,,,
97,9,2,ChIJ9RWUkaZZHS4RYeuZOYAMQ-4,3.0,"Terlalu berisik music nya, jadi gak recommend jika untuk meeting koordinasi atau meeting online. Recommend jika hanya untuk pertemuan biasa ngobrol santai biasa tanpa pembahasan kerja.",2026-05-01T14:54:53.932340,2026-05-01T14:54:53.932349,,,
98,9,2,ChIJ9RWUkaZZHS4RYeuZOYAMQ-4,5.0,Khas untuk menikmati kopi strong di tempat luas. Kopi Aming Podomoro menyediakan pula tempat meeting VIP yang memadai.,2026-05-01T14:55:04.550857,2026-05-01T14:55:04.550867,,,
