id,email,username,password_hash,is_admin,is_active,created_at,updated_at
1,john@example.com,john_doe,38eb8752d1058b1367abbebe94d7614e7293b74b0d5cb8fe88d34d8adb51cfe3$fbf644b70978d9e5f49a9fcf71a8d3f5d6ee7973b2cf87021052e1a70d3bb8a0,0,1,2026-01-18 11:20:09,2026-01-18 11:20:09
2,test_user@cofind.app,test_user_123,fa601efccda804dc786ae1f1afb74389d5092f72bad0dda5a0f65e4b445bf363$2d9f7c8948b11b9128ffff6da66e81e51d80b14c402a72735b905d40722afdef,0,1,2026-01-18 11:47:54,2026-01-18 11:47:54
3,final_test_1768737435@cofind.app,final_test_1768737435,592d2ac4463f202787e6f6b9bbb105f47511aa774e48c4338f1bad8d3b9f4857$3a4e9fecec583d24947f09d8dd3f2430a55f3d9609c7b8ef08105b5cdaa53f37,0,1,2026-01-18 11:57:17,2026-01-18 11:57:17
4,fulvi@cofind.app,fulvi,4810d73b1c5fbe5f5fe9d450672d014e4ea76e8cded65ee039b75a85a9716379$d004667b36b4b6b3b01e227d9476776e5699b3b5009546c522dcbfa05e61a0da,1,1,2026-01-19 10:43:20,2026-01-19 10:43:20
5,vaegerys@cofind.app,vaegerys,52f4001f071b6d1efc524bd6ea6903092a2e64a8615ea331ab633075c51cf1a0$cfcf3488ac59bbf6824810eaf3c8295a4c802c8f309c482effad640592f6928a,0,1,2026-01-22 09:40:57,2026-01-22 09:40:57
6,vseeker@cofind.app,vseeker,ee7630495f851d546f3fab864c1f6f7925f1e42e3ec4128e2a71afc9aa8353a7$058e9afabc2cdde96159f1438f09ccbf5bae9cd6cf199772a344fac3dcd68596,0,1,2026-01-27 09:47:18,2026-01-27 09:47:18
7,admin@cofind.app,admin,8dc76494a4e4e7b8c506cbcf82278ad815fbfbac8f5d5fff8cd045dd18e5c30f$876a8ae47775dae3ca781a328b6b260f0c0fec8c6b88f5421e368ca7331ed58e,1,1,2026-03-29 15:18:23,2026-03-29 15:18:23
8,aegon@cofind.app,aegon,9277c51c9284f0fcba994053305475e25e5847b19e7023904ad76ded0c9ebfe4$ca3a50ede30e2404ff64108a50466718abb5d5e4a0ba89b4c140276abb3603bb,0,1,2026-03-30 14:07:18,2026-03-30 14:07:18
9,qwerty@cofind.app,qwerty,eb36cdecc042f58795c66a88ca55962309653346073743bc176d4084570e23ae$80833546aa8846916dc99301d19ad205263ae8ec2a278a3fd89402e3394f07a2,0,1,2026-04-16 15:01:18,2026-04-16 15:01:18
