id,user_id,full_name,bio,avatar_url,phone,created_at,updated_at
1,1,John Doe,,,,2026-01-18 11:20:09,2026-01-18 11:20:09
2,2,Test User,,,,2026-01-18 11:47:54,2026-01-18 11:47:54
3,3,Updated Final Test User,Testing the local auth system,,,2026-01-18 11:57:17,2026-01-18 11:57:25
4,4,fulvi,,,,2026-01-19 10:43:20,2026-01-19 10:43:20
5,5,vaegerys,,,,2026-01-22 09:40:57,2026-01-22 09:40:57
6,6,v seeker,,,,2026-01-27 09:47:18,2026-01-27 09:47:18
7,7,admin,,,,2026-03-29 15:18:23,2026-03-29 15:18:23
8,8,Aegon Targaryen,,,,2026-03-30 14:07:18,2026-03-30 14:07:18
9,9,qwerty,,,,2026-04-16 15:01:18,2026-04-16 15:01:18
